Toxic Word,Count,Percentage(%)
fuck,16134,0.491011
fucking,3847,0.117077
shit,3663,0.111477
suck,3152,0.095926
stupid,2802,0.085274
wrong,2759,0.083966
problem,2702,0.082231
issue,2633,0.080131
bitch,2583,0.078609
cunt,2579,0.078488
die,2336,0.071092
sorry,2146,0.065310
hate,1931,0.058767
bad,1870,0.056910
issues,1737,0.052863
revert,1648,0.050154
hell,1426,0.043398
sucks,1406,0.042789
prick,1322,0.040233
dick,1289,0.039229
hard,1211,0.036855
kill,1156,0.035181
death,1125,0.034237
nonsense,1109,0.033751
attack,1080,0.032868
problems,1068,0.032503
warning,950,0.028912
crap,945,0.028759
attacks,941,0.028638
racist,902,0.027451
bastard,889,0.027055
damn,872,0.026538
false,869,0.026447
dispute,859,0.026142
idiot,853,0.025960
conflict,850,0.025868
disagree,837,0.025473
lack,794,0.024164
blah,782,0.023799
killed,761,0.023160
doubt,759,0.023099
bullshit,748,0.022764
criticism,735,0.022368
error,726,0.022095
dead,722,0.021973
violation,720,0.021912
incorrect,713,0.021699
irrelevant,711,0.021638
loser,707,0.021516
bias,686,0.020877
lame,678,0.020634
poor,661,0.020116
lost,645,0.019629
biased,634,0.019295
concerns,613,0.018656
difficult,598,0.018199
unfortunately,591,0.017986
mistake,583,0.017743
disruptive,560,0.017043
ridiculous,555,0.016890
inappropriate,546,0.016617
controversial,539,0.016404
fat,539,0.016404
abuse,535,0.016282
controversy,524,0.015947
negative,513,0.015612
dumb,512,0.015582
traitor,511,0.015551
funny,510,0.015521
silly,506,0.015399
joke,496,0.015095
concerned,485,0.014760
break,484,0.014730
concern,482,0.014669
limited,482,0.014669
died,481,0.014638
failed,479,0.014578
offensive,472,0.014365
sick,471,0.014334
ignore,470,0.014304
oppose,464,0.014121
evil,449,0.013665
lie,447,0.013604
misleading,440,0.013391
trouble,429,0.013056
worse,421,0.012812
object,413,0.012569
confused,411,0.012508
suspect,410,0.012478
rape,405,0.012325
confusing,397,0.012082
ugly,394,0.011991
idiots,394,0.011991
fool,393,0.011960
fall,388,0.011808
propaganda,387,0.011778
retarded,386,0.011747
waste,383,0.011656
sad,367,0.011169
fail,366,0.011139
accusations,366,0.011139
confusion,363,0.011047
plot,355,0.010804
critical,355,0.010804
crime,352,0.010713
disputed,348,0.010591
split,348,0.010591
errors,348,0.010591
afraid,347,0.010560
lies,344,0.010469
heck,343,0.010439
ignorant,341,0.010378
dirty,339,0.010317
worst,332,0.010104
unnecessary,328,0.009982
impossible,327,0.009952
murder,324,0.009860
pathetic,323,0.009830
killing,322,0.009800
bother,315,0.009586
unclear,311,0.009465
delay,311,0.009465
mess,311,0.009465
crazy,309,0.009404
lying,304,0.009252
conspiracy,303,0.009221
rude,299,0.009100
complex,298,0.009069
useless,298,0.009069
fake,296,0.009008
racism,296,0.009008
shame,290,0.008826
odd,287,0.008734
missed,284,0.008643
warned,282,0.008582
inaccurate,282,0.008582
strange,281,0.008552
excuse,281,0.008552
unknown,279,0.008491
allegations,278,0.008460
dark,277,0.008430
whore,276,0.008400
insult,275,0.008369
blatant,275,0.008369
garbage,272,0.008278
genocide,271,0.008247
opposition,269,0.008187
weird,263,0.008004
objections,261,0.007943
tired,257,0.007821
scratch,257,0.007821
broken,256,0.007791
unable,253,0.007700
mistakes,252,0.007669
illegal,250,0.007608
threats,249,0.007578
worry,246,0.007487
destroy,244,0.007426
violate,242,0.007365
miss,242,0.007365
unlikely,240,0.007304
fiction,240,0.007304
damage,238,0.007243
lose,238,0.007243
annoying,237,0.007213
conservative,236,0.007182
fear,235,0.007152
fails,235,0.007152
pain,234,0.007121
poorly,232,0.007061
threat,231,0.007030
cancer,231,0.007030
lacking,230,0.007000
stuck,229,0.006969
pointless,225,0.006847
undue,224,0.006817
bloody,224,0.006817
cold,220,0.006695
terrible,220,0.006695
hurt,215,0.006543
moron,215,0.006543
risk,214,0.006513
trivial,213,0.006482
disgusting,213,0.006482
retard,211,0.006421
blind,210,0.006391
angry,210,0.006391
deny,209,0.006361
redundant,208,0.006330
accusation,205,0.006239
rubbish,205,0.006239
pigs,205,0.006239
stupidity,204,0.006208
criminal,203,0.006178
objection,203,0.006178
critics,202,0.006148
horrible,202,0.006148
vague,201,0.006117
accusing,199,0.006056
terrorism,199,0.006056
accuse,197,0.005995
insulting,197,0.005995
burn,196,0.005965
bastards,195,0.005934
loss,193,0.005874
limit,193,0.005874
mad,192,0.005843
failure,190,0.005782
stinks,190,0.005782
scum,189,0.005752
questionable,189,0.005752
slow,187,0.005691
breaking,187,0.005691
fascist,186,0.005661
idiotic,186,0.005661
weak,185,0.005630
suicide,185,0.005630
unreliable,184,0.005600
complaint,182,0.005539
myth,181,0.005508
unacceptable,180,0.005478
morons,180,0.005478
massacre,180,0.005478
mistaken,180,0.005478
absurd,179,0.005448
dubious,178,0.005417
liar,177,0.005387
criticisms,177,0.005387
sack,177,0.005387
blow,176,0.005356
fault,175,0.005326
rejected,174,0.005295
guilty,174,0.005295
blame,174,0.005295
bs,174,0.005295
punk,174,0.005295
puppet,173,0.005265
trash,173,0.005265
problematic,172,0.005235
upset,169,0.005143
strike,168,0.005113
worthless,167,0.005082
ignorance,166,0.005052
nasty,166,0.005052
falls,166,0.005052
filth,165,0.005021
abusive,164,0.004991
contentious,163,0.004961
jerk,162,0.004930
monster,161,0.004900
disruption,160,0.004869
badly,159,0.004839
pig,159,0.004839
harassment,158,0.004808
slave,158,0.004808
uncivil,158,0.004808
broke,157,0.004778
sucked,156,0.004748
absence,156,0.004748
wild,156,0.004748
dangerous,154,0.004687
limits,153,0.004656
bothered,153,0.004656
hoax,152,0.004626
harm,151,0.004595
disagreement,150,0.004565
strict,150,0.004565
lazy,146,0.004443
utterly,146,0.004443
enemy,145,0.004413
obscure,144,0.004382
childish,144,0.004382
raping,142,0.004322
fictional,141,0.004291
cunts,141,0.004291
wasting,140,0.004261
ambiguous,140,0.004261
arrogant,139,0.004230
crisis,139,0.004230
messing,138,0.004200
refuse,138,0.004200
slaves,137,0.004169
complain,137,0.004169
slut,136,0.004139
insults,136,0.004139
hang,134,0.004078
hates,133,0.004048
lacks,133,0.004048
conflicts,132,0.004017
raped,131,0.003987
complicated,131,0.003987
invalid,131,0.003987
prison,131,0.003987
awful,131,0.003987
misunderstanding,130,0.003956
denied,130,0.003956
boring,129,0.003926
stress,128,0.003895
decline,127,0.003865
bizarre,127,0.003865
bomb,127,0.003865
fell,126,0.003835
pretend,126,0.003835
crack,125,0.003804
devil,125,0.003804
denial,124,0.003774
killer,122,0.003713
untrue,121,0.003682
smell,121,0.003682
excessive,121,0.003682
undid,121,0.003682
complaints,121,0.003682
strictly,121,0.003682
unusual,120,0.003652
meaningless,120,0.003652
complaining,120,0.003652
gross,119,0.003622
vice,119,0.003622
radical,119,0.003622
fraud,117,0.003561
insane,115,0.003500
protest,115,0.003500
burden,115,0.003500
drunk,115,0.003500
resistance,114,0.003469
severe,114,0.003469
burning,113,0.003439
incomplete,113,0.003439
arbitrary,113,0.003439
incorrectly,112,0.003409
scandal,111,0.003378
smoke,111,0.003378
cry,110,0.003348
freaking,110,0.003348
violent,109,0.003317
destruction,109,0.003317
lengthy,108,0.003287
disorder,108,0.003287
cheap,107,0.003256
whores,107,0.003256
slowly,107,0.003256
terror,106,0.003226
confuse,106,0.003226
suffering,105,0.003195
aggressive,104,0.003165
blatantly,104,0.003165
dislike,103,0.003135
enemies,103,0.003135
threatening,103,0.003135
mar,102,0.003104
unfortunate,102,0.003104
anger,102,0.003104
rip,101,0.003074
sadly,100,0.003043
allegation,99,0.003013
rant,99,0.003013
refused,98,0.002982
struggle,98,0.002982
incivility,98,0.002982
inconsistent,98,0.002982
bug,98,0.002982
dies,97,0.002952
hatred,96,0.002922
erase,96,0.002922
losing,96,0.002922
randomly,96,0.002922
contradict,95,0.002891
worried,95,0.002891
denying,95,0.002891
bogus,95,0.002891
ashamed,94,0.002861
loose,94,0.002861
slander,94,0.002861
rail,94,0.002861
bored,94,0.002861
harsh,94,0.002861
foolish,93,0.002830
ludicrous,93,0.002830
criticized,93,0.002830
stink,92,0.002800
struck,92,0.002800
freak,92,0.002800
worries,91,0.002769
suffer,91,0.002769
flawed,91,0.002769
undone,90,0.002739
rough,90,0.002739
junk,90,0.002739
losers,90,0.002739
abused,89,0.002709
revenge,89,0.002709
syndrome,89,0.002709
unsure,89,0.002709
falsely,89,0.002709
depression,89,0.002709
disappointed,88,0.002678
curse,88,0.002678
tense,87,0.002648
disgrace,87,0.002648
unhelpful,87,0.002648
difficulty,87,0.002648
bully,87,0.002648
danger,87,0.002648
rumors,87,0.002648
overwhelming,86,0.002617
torture,86,0.002617
awkward,86,0.002617
crash,86,0.002617
symptoms,86,0.002617
fascism,86,0.002617
restricted,85,0.002587
sue,85,0.002587
bullying,85,0.002587
frustrated,85,0.002587
malicious,84,0.002556
discrimination,84,0.002556
breaks,84,0.002556
scared,84,0.002556
contradiction,84,0.002556
forbidden,83,0.002526
dishonest,83,0.002526
assault,83,0.002526
wasted,83,0.002526
misunderstood,83,0.002526
threaten,83,0.002526
hostile,83,0.002526
partisan,82,0.002496
disagrees,82,0.002496
trick,82,0.002496
petty,82,0.002496
loud,81,0.002465
messed,81,0.002465
scare,80,0.002435
kills,80,0.002435
doubts,80,0.002435
knock,80,0.002435
falling,80,0.002435
expired,80,0.002435
lonely,80,0.002435
debt,80,0.002435
derogatory,80,0.002435
contention,79,0.002404
unreasonable,79,0.002404
reject,79,0.002404
disaster,79,0.002404
hypocrisy,79,0.002404
frustration,79,0.002404
erroneous,79,0.002404
crappy,79,0.002404
infringement,78,0.002374
protests,78,0.002374
shock,78,0.002374
dying,77,0.002343
poverty,77,0.002343
vulgar,77,0.002343
noise,77,0.002343
puppets,76,0.002313
screwed,76,0.002313
unsupported,76,0.002313
bugs,74,0.002252
hypocrite,74,0.002252
improper,73,0.002222
ambiguity,73,0.002222
frustrating,73,0.002222
impose,73,0.002222
suspicious,73,0.002222
immature,73,0.002222
disabled,73,0.002222
implication,72,0.002191
filthy,72,0.002191
terribly,72,0.002191
unfamiliar,72,0.002191
steal,72,0.002191
shocked,71,0.002161
vanity,71,0.002161
disagreed,71,0.002161
din,71,0.002161
sin,70,0.002130
lied,70,0.002130
disregard,70,0.002130
nonexistent,70,0.002130
suffered,70,0.002130
burned,70,0.002130
inferior,69,0.002100
corruption,69,0.002100
hated,69,0.002100
hypocritical,69,0.002100
annoyed,69,0.002100
harmful,69,0.002100
disturbing,69,0.002100
contradictory,69,0.002100
ironic,68,0.002069
bothering,68,0.002069
splitting,68,0.002069
incoherent,68,0.002069
surrender,68,0.002069
tank,68,0.002069
illness,68,0.002069
crude,67,0.002039
virus,67,0.002039
persecution,67,0.002039
rhetoric,67,0.002039
ruined,66,0.002009
inflammatory,66,0.002009
mystery,66,0.002009
notorious,65,0.001978
dump,65,0.001978
fallacy,65,0.001978
incompetent,65,0.001978
offence,65,0.001978
collapse,65,0.001978
stole,64,0.001948
hack,64,0.001948
disrupt,64,0.001948
complained,64,0.001948
rotten,64,0.001948
insulted,64,0.001948
punch,63,0.001917
foul,63,0.001917
prejudice,63,0.001917
penalty,63,0.001917
isolated,63,0.001917
violators,63,0.001917
emergency,63,0.001917
damned,62,0.001887
corrupt,62,0.001887
drag,62,0.001887
profanity,62,0.001887
challenging,62,0.001887
ruin,62,0.001887
opponent,62,0.001887
inability,62,0.001887
expensive,62,0.001887
skeptical,62,0.001887
cloud,61,0.001856
critic,61,0.001856
queer,61,0.001856
criticize,61,0.001856
liars,61,0.001856
sweaty,61,0.001856
idiocy,60,0.001826
coward,60,0.001826
irony,60,0.001826
tricky,60,0.001826
ironically,60,0.001826
retards,59,0.001796
slur,59,0.001796
sarcasm,59,0.001796
restriction,59,0.001796
discredit,58,0.001765
exile,58,0.001765
smelly,58,0.001765
misuse,58,0.001765
dust,58,0.001765
losses,58,0.001765
pan,58,0.001765
misguided,57,0.001735
offend,57,0.001735
bent,57,0.001735
unfounded,57,0.001735
laughable,57,0.001735
superfluous,57,0.001735
pity,57,0.001735
scream,57,0.001735
gossip,56,0.001704
defamatory,56,0.001704
moronic,56,0.001704
hung,56,0.001704
inaccuracies,56,0.001704
spite,56,0.001704
baseless,56,0.001704
uncertain,55,0.001674
passive,55,0.001674
suspicion,55,0.001674
spurious,55,0.001674
wrongly,55,0.001674
stereotype,55,0.001674
beg,54,0.001643
disagreeing,54,0.001643
fallen,54,0.001643
slap,54,0.001643
rot,54,0.001643
twisted,54,0.001643
twist,54,0.001643
brutal,54,0.001643
misconception,54,0.001643
extremist,54,0.001643
inadequate,54,0.001643
refusing,53,0.001613
conflicting,53,0.001613
criticizing,53,0.001613
guilt,53,0.001613
oversight,53,0.001613
desert,53,0.001613
sloppy,53,0.001613
intense,53,0.001613
anarchism,53,0.001613
obsolete,53,0.001613
denies,52,0.001583
inevitably,52,0.001583
breach,52,0.001583
cave,52,0.001583
racists,52,0.001583
risks,52,0.001583
chaos,52,0.001583
elimination,52,0.001583
rage,51,0.001552
knife,51,0.001552
refuses,51,0.001552
grossly,51,0.001552
arrogance,51,0.001552
inevitable,51,0.001552
rumor,51,0.001552
troubles,50,0.001522
infamous,50,0.001522
destructive,50,0.001522
embarrassing,50,0.001522
tanks,50,0.001522
poison,50,0.001522
outrageous,50,0.001522
miserable,50,0.001522
stolen,50,0.001522
static,50,0.001522
disturbed,50,0.001522
paranoid,50,0.001522
refusal,50,0.001522
douchebag,50,0.001522
sued,50,0.001522
refute,50,0.001522
omission,49,0.001491
insufficient,49,0.001491
unimportant,49,0.001491
backward,49,0.001491
spade,49,0.001491
inactive,49,0.001491
chill,49,0.001491
sarcastic,49,0.001491
unpleasant,49,0.001491
desperate,48,0.001461
stealing,48,0.001461
dictator,48,0.001461
limitations,48,0.001461
inconsistency,48,0.001461
dire,48,0.001461
sink,48,0.001461
liable,48,0.001461
parody,48,0.001461
hostility,48,0.001461
rival,48,0.001461
omit,48,0.001461
unlicensed,48,0.001461
painful,47,0.001430
ugh,47,0.001430
belated,47,0.001430
misread,47,0.001430
vicious,47,0.001430
moot,47,0.001430
smear,47,0.001430
defamation,47,0.001430
jam,47,0.001430
difficulties,47,0.001430
shameful,46,0.001400
unwilling,46,0.001400
damaged,46,0.001400
darkness,46,0.001400
urgent,46,0.001400
obese,46,0.001400
vile,46,0.001400
infringe,46,0.001400
obnoxious,46,0.001400
insignificant,45,0.001369
damaging,45,0.001369
incapable,45,0.001369
exclusion,45,0.001369
sucker,45,0.001369
stumbled,45,0.001369
weed,45,0.001369
mysterious,45,0.001369
shake,45,0.001369
infection,45,0.001369
messy,45,0.001369
illiterate,45,0.001369
objectionable,45,0.001369
atrocities,45,0.001369
redundancy,45,0.001369
contend,45,0.001369
mobster,45,0.001369
cruel,44,0.001339
regretfully,44,0.001339
primitive,44,0.001339
trap,44,0.001339
defensive,44,0.001339
scam,44,0.001339
hating,44,0.001339
offending,44,0.001339
lunatic,44,0.001339
whining,44,0.001339
siege,44,0.001339
discourage,43,0.001309
unfairly,43,0.001309
aggression,43,0.001309
biases,43,0.001309
thrash,43,0.001309
mistakenly,43,0.001309
uncomfortable,43,0.001309
panic,43,0.001309
inconvenience,43,0.001309
invisible,43,0.001309
puzzled,43,0.001309
hurts,43,0.001309
injury,42,0.001278
suppress,42,0.001278
fears,42,0.001278
excuses,42,0.001278
disingenuous,42,0.001278
stupidest,42,0.001278
tortured,42,0.001278
uprising,42,0.001278
prisoner,42,0.001278
uninformed,42,0.001278
blunt,42,0.001278
rejection,42,0.001278
stubborn,42,0.001278
disrespectful,42,0.001278
contempt,42,0.001278
fist,42,0.001278
struggling,42,0.001278
clumsy,41,0.001248
byzantine,41,0.001248
distorted,41,0.001248
defunct,41,0.001248
tragedy,41,0.001248
rants,41,0.001248
scary,41,0.001248
dirt,41,0.001248
sneaky,41,0.001248
breakdown,41,0.001248
condescending,41,0.001248
zombie,41,0.001248
embarrassment,40,0.001217
naive,40,0.001217
ridiculously,40,0.001217
flaws,40,0.001217
manipulation,40,0.001217
unjustified,40,0.001217
bitter,40,0.001217
unsuccessful,39,0.001187
misunderstand,39,0.001187
mislead,39,0.001187
debatable,39,0.001187
regret,39,0.001187
doubtful,39,0.001187
famine,39,0.001187
depraved,39,0.001187
bum,39,0.001187
pedantic,39,0.001187
doom,39,0.001187
creepy,39,0.001187
chronic,39,0.001187
weakness,39,0.001187
rivalry,39,0.001187
condemned,39,0.001187
temper,38,0.001156
irritating,38,0.001156
repetitive,38,0.001156
restrict,38,0.001156
hateful,38,0.001156
unexplained,38,0.001156
plagiarize,38,0.001156
delayed,38,0.001156
unwarranted,38,0.001156
oddly,38,0.001156
anarchist,38,0.001156
mindless,38,0.001156
depressed,38,0.001156
neglected,38,0.001156
tension,38,0.001156
toxic,38,0.001156
bash,37,0.001126
loses,37,0.001126
maliciously,37,0.001126
retract,37,0.001126
disgust,37,0.001126
wound,37,0.001126
bigotry,37,0.001126
infected,36,0.001096
irrational,36,0.001096
beware,36,0.001096
condemn,36,0.001096
ghetto,36,0.001096
resigned,36,0.001096
overwhelmingly,36,0.001096
naughty,36,0.001096
nervous,36,0.001096
reluctant,36,0.001096
choke,36,0.001096
inappropriately,36,0.001096
cheat,36,0.001096
hype,36,0.001096
partisans,36,0.001096
shocking,35,0.001065
lacked,35,0.001065
selfish,35,0.001065
crush,35,0.001065
savage,35,0.001065
tedious,35,0.001065
biting,35,0.001065
dishonesty,35,0.001065
outbreak,35,0.001065
needless,35,0.001065
egregious,35,0.001065
revolt,35,0.001065
ranting,35,0.001065
rumours,35,0.001065
unhappy,35,0.001065
distracting,35,0.001065
toll,35,0.001065
flaw,34,0.001035
incomprehensible,34,0.001035
ruins,34,0.001035
hysteria,34,0.001035
sore,34,0.001035
provoke,34,0.001035
suffers,34,0.001035
misrepresentation,34,0.001035
taboo,34,0.001035
shark,34,0.001035
clueless,34,0.001035
murderer,34,0.001035
unbelievable,34,0.001035
authoritarian,33,0.001004
nightmare,33,0.001004
smells,33,0.001004
harass,33,0.001004
mock,33,0.001004
adverse,33,0.001004
suspicions,33,0.001004
stern,33,0.001004
stab,33,0.001004
marginal,33,0.001004
disappointing,33,0.001004
ruining,33,0.001004
douchebags,33,0.001004
hiss,33,0.001004
extraneous,33,0.001004
confession,33,0.001004
interference,33,0.001004
unreadable,33,0.001004
fury,32,0.000974
accuses,32,0.000974
excessively,32,0.000974
punish,32,0.000974
shameless,32,0.000974
unwanted,32,0.000974
stark,32,0.000974
refuted,32,0.000974
irresponsible,32,0.000974
dragged,32,0.000974
detrimental,32,0.000974
blasphemy,32,0.000974
dull,32,0.000974
unethical,32,0.000974
jealous,32,0.000974
concede,32,0.000974
unexpected,32,0.000974
worrying,32,0.000974
cowardly,32,0.000974
undermine,31,0.000943
unstable,31,0.000943
dope,31,0.000943
bust,31,0.000943
archaic,31,0.000943
stunt,31,0.000943
imaginary,31,0.000943
insanity,31,0.000943
stranger,31,0.000943
paranoia,31,0.000943
preposterous,31,0.000943
burns,31,0.000943
totalitarian,31,0.000943
resignation,31,0.000943
misconceptions,31,0.000943
obscene,31,0.000943
lone,31,0.000943
wildly,31,0.000943
deaf,31,0.000943
ripped,31,0.000943
pompous,31,0.000943
gibberish,31,0.000943
counterproductive,31,0.000943
failures,31,0.000943
vain,31,0.000943
wrinkle,31,0.000943
skeptic,30,0.000913
misses,30,0.000913
grudge,30,0.000913
apologist,30,0.000913
extermination,30,0.000913
smash,30,0.000913
hurting,30,0.000913
isolation,30,0.000913
appalling,30,0.000913
unpopular,30,0.000913
cheating,30,0.000913
insensitive,30,0.000913
deception,30,0.000913
evasion,30,0.000913
evade,30,0.000913
illegitimate,30,0.000913
pains,30,0.000913
annoy,30,0.000913
grind,30,0.000913
misrepresent,30,0.000913
worn,30,0.000913
shortage,30,0.000913
strangely,30,0.000913
obsessive,30,0.000913
provocative,30,0.000913
abuses,29,0.000883
misinformed,29,0.000883
falsehood,29,0.000883
dumped,29,0.000883
illusion,29,0.000883
joker,29,0.000883
indiscriminate,29,0.000883
inexperienced,29,0.000883
whine,29,0.000883
greedy,29,0.000883
decay,29,0.000883
haters,29,0.000883
massacres,29,0.000883
dense,29,0.000883
tyranny,29,0.000883
fatal,29,0.000883
interfere,29,0.000883
accidental,29,0.000883
fatty,29,0.000883
illogical,29,0.000883
skepticism,29,0.000883
improperly,29,0.000883
wounds,29,0.000883
impolite,29,0.000883
troubled,29,0.000883
exploitation,29,0.000883
furious,28,0.000852
declining,28,0.000852
faults,28,0.000852
freaks,28,0.000852
hostage,28,0.000852
deadly,28,0.000852
struggles,28,0.000852
disservice,28,0.000852
crashed,28,0.000852
deceptive,28,0.000852
discontinued,28,0.000852
corrupted,28,0.000852
seriousness,28,0.000852
orphan,28,0.000852
outrage,28,0.000852
bothers,28,0.000852
sticky,28,0.000852
cons,28,0.000852
desperately,28,0.000852
unusually,28,0.000852
smack,28,0.000852
nitpicking,28,0.000852
perverted,27,0.000822
ridicule,27,0.000822
peculiar,27,0.000822
rejects,27,0.000822
inane,27,0.000822
imposing,27,0.000822
doomed,27,0.000822
goof,27,0.000822
tragic,27,0.000822
oppression,27,0.000822
unneeded,27,0.000822
boiling,27,0.000822
needlessly,27,0.000822
hypocrites,27,0.000822
misreading,27,0.000822
weaker,27,0.000822
confined,27,0.000822
pervert,27,0.000822
grief,27,0.000822
alarm,27,0.000822
shallow,26,0.000791
profane,26,0.000791
fooled,26,0.000791
explosive,26,0.000791
dislikes,26,0.000791
incompetence,26,0.000791
slaughter,26,0.000791
begging,26,0.000791
proprietary,26,0.000791
anxiety,26,0.000791
bickering,26,0.000791
restrictive,26,0.000791
venom,26,0.000791
overthrow,26,0.000791
harassed,26,0.000791
overlook,26,0.000791
conspiracies,26,0.000791
lousy,26,0.000791
fatigue,26,0.000791
menace,26,0.000791
err,26,0.000791
rhetorical,26,0.000791
prejudices,26,0.000791
demon,25,0.000761
unqualified,25,0.000761
rampant,25,0.000761
anarchy,25,0.000761
devoid,25,0.000761
stale,25,0.000761
opinionated,25,0.000761
raging,25,0.000761
goofy,25,0.000761
barbaric,25,0.000761
unnoticed,25,0.000761
cheated,25,0.000761
indulge,25,0.000761
mockery,25,0.000761
suppression,25,0.000761
inequality,25,0.000761
explode,25,0.000761
degenerate,25,0.000761
confess,25,0.000761
exhausted,25,0.000761
forbid,25,0.000761
stupidly,25,0.000761
pale,25,0.000761
sabotage,25,0.000761
hater,25,0.000761
superficial,25,0.000761
drastically,25,0.000761
unspecified,25,0.000761
deficiency,24,0.000730
disparaging,24,0.000730
provocation,24,0.000730
rogue,24,0.000730
fever,24,0.000730
wicked,24,0.000730
severity,24,0.000730
disrespect,24,0.000730
villains,24,0.000730
unconfirmed,24,0.000730
confuses,24,0.000730
punitive,24,0.000730
impatient,24,0.000730
addicted,24,0.000730
hollow,24,0.000730
boycott,24,0.000730
subjected,24,0.000730
dissent,24,0.000730
insecure,24,0.000730
illegally,24,0.000730
cruelty,24,0.000730
mundane,24,0.000730
convoluted,24,0.000730
disturbance,24,0.000730
poorer,24,0.000730
overkill,24,0.000730
frozen,24,0.000730
pretentious,23,0.000700
flee,23,0.000700
fried,23,0.000700
cursed,23,0.000700
vulnerable,23,0.000700
annoys,23,0.000700
hedge,23,0.000700
bullies,23,0.000700
treason,23,0.000700
manipulate,23,0.000700
distortion,23,0.000700
detract,23,0.000700
miscellaneous,23,0.000700
tiresome,23,0.000700
hasty,23,0.000700
wary,23,0.000700
mocking,23,0.000700
stiff,23,0.000700
slanderous,23,0.000700
leak,23,0.000700
incompatible,23,0.000700
idle,23,0.000700
overzealous,23,0.000700
dim,23,0.000700
troublesome,23,0.000700
friction,23,0.000700
shady,23,0.000700
retreat,23,0.000700
madness,23,0.000700
inconsistencies,23,0.000700
divisive,23,0.000700
rejecting,23,0.000700
headache,23,0.000700
creep,23,0.000700
friggin,22,0.000670
unresolved,22,0.000670
apologists,22,0.000670
scrap,22,0.000670
skinny,22,0.000670
stereotypical,22,0.000670
irritated,22,0.000670
clash,22,0.000670
vomit,22,0.000670
intimidate,22,0.000670
innuendo,22,0.000670
cynical,22,0.000670
imprisonment,22,0.000670
disgraceful,22,0.000670
drastic,22,0.000670
thug,22,0.000670
disproportionate,22,0.000670
feeble,22,0.000670
slower,22,0.000670
vent,22,0.000670
intimidating,22,0.000670
displaced,22,0.000670
scandals,22,0.000670
unproductive,22,0.000670
deluded,22,0.000670
confrontational,22,0.000670
distasteful,22,0.000670
unwieldy,22,0.000670
stumble,22,0.000670
sneak,22,0.000670
reckless,22,0.000670
despicable,22,0.000670
unfriendly,22,0.000670
appalled,22,0.000670
glitch,22,0.000670
fiasco,22,0.000670
plea,22,0.000670
belligerent,22,0.000670
troubling,21,0.000639
confront,21,0.000639
flagging,21,0.000639
simplistic,21,0.000639
vindictive,21,0.000639
faulty,21,0.000639
fanatic,21,0.000639
perverse,21,0.000639
snarky,21,0.000639
bashing,21,0.000639
inept,21,0.000639
misery,21,0.000639
extremism,21,0.000639
exaggeration,21,0.000639
grievances,21,0.000639
disgusted,21,0.000639
implausible,21,0.000639
addict,21,0.000639
plague,21,0.000639
sickening,21,0.000639
depressing,21,0.000639
unwelcome,21,0.000639
fuss,21,0.000639
outsider,21,0.000639
futile,21,0.000639
spoil,21,0.000639
sluts,21,0.000639
molest,21,0.000639
galling,21,0.000639
disprove,20,0.000609
damning,20,0.000609
fanatics,20,0.000609
smug,20,0.000609
temptation,20,0.000609
fallout,20,0.000609
morbid,20,0.000609
hopeless,20,0.000609
savages,20,0.000609
foolishness,20,0.000609
outraged,20,0.000609
drain,20,0.000609
untouched,20,0.000609
sorely,20,0.000609
painfully,20,0.000609
absurdity,20,0.000609
squash,20,0.000609
apocalypse,20,0.000609
gangster,20,0.000609
radically,20,0.000609
unemployed,20,0.000609
despise,20,0.000609
inaccuracy,20,0.000609
exterminate,20,0.000609
combative,20,0.000609
drunken,20,0.000609
rabid,20,0.000609
aspersions,20,0.000609
lethal,20,0.000609
bore,20,0.000609
phony,20,0.000609
asinine,20,0.000609
disappointment,20,0.000609
prohibit,20,0.000609
resent,20,0.000609
quack,20,0.000609
complains,20,0.000609
tainted,20,0.000609
unnatural,20,0.000609
heartless,20,0.000609
obtuse,20,0.000609
careless,20,0.000609
reactionary,20,0.000609
pervasive,20,0.000609
emphatically,20,0.000609
eccentric,20,0.000609
immoral,20,0.000609
helpless,20,0.000609
barbarian,19,0.000578
malice,19,0.000578
injustice,19,0.000578
unworthy,19,0.000578
unlawful,19,0.000578
woefully,19,0.000578
horrific,19,0.000578
annoyance,19,0.000578
disadvantages,19,0.000578
defective,19,0.000578
sunk,19,0.000578
neglect,19,0.000578
destroyer,19,0.000578
diss,19,0.000578
narrower,19,0.000578
extremists,19,0.000578
damages,19,0.000578
delusion,19,0.000578
assassin,19,0.000578
bleeding,19,0.000578
shemale,19,0.000578
poisonous,19,0.000578
antagonistic,19,0.000578
negatives,19,0.000578
pest,19,0.000578
inflated,19,0.000578
nuisance,19,0.000578
pleas,19,0.000578
shaky,19,0.000578
trapped,19,0.000578
sinking,19,0.000578
senseless,19,0.000578
stricken,19,0.000578
notoriety,19,0.000578
recession,19,0.000578
disbelieve,19,0.000578
fuzzy,19,0.000578
fallacious,18,0.000548
overdue,18,0.000548
wreck,18,0.000548
grim,18,0.000548
bitchy,18,0.000548
oblivious,18,0.000548
casualty,18,0.000548
whiny,18,0.000548
farce,18,0.000548
dismissive,18,0.000548
confounding,18,0.000548
curses,18,0.000548
crushed,18,0.000548
hesitant,18,0.000548
greed,18,0.000548
deter,18,0.000548
rigid,18,0.000548
wrath,18,0.000548
nagging,18,0.000548
defiance,18,0.000548
overturn,18,0.000548
subordinate,18,0.000548
sour,18,0.000548
protesting,18,0.000548
brainless,18,0.000548
symptom,18,0.000548
cracked,18,0.000548
limitation,18,0.000548
haste,18,0.000548
horrid,18,0.000548
grumpy,18,0.000548
dumping,18,0.000548
disinterested,18,0.000548
audacity,18,0.000548
relentless,18,0.000548
phobia,18,0.000548
offenses,18,0.000548
repression,18,0.000548
overwhelmed,17,0.000517
slaughtered,17,0.000517
undermines,17,0.000517
disliked,17,0.000517
travesty,17,0.000517
imbecile,17,0.000517
harshly,17,0.000517
degrading,17,0.000517
disdain,17,0.000517
darker,17,0.000517
satirical,17,0.000517
fictitious,17,0.000517
boil,17,0.000517
disputable,17,0.000517
devastating,17,0.000517
lemon,17,0.000517
sham,17,0.000517
distraction,17,0.000517
dreadful,17,0.000517
fanatical,17,0.000517
ax,17,0.000517
infections,17,0.000517
intimidation,17,0.000517
heresy,17,0.000517
debacle,17,0.000517
imperfect,17,0.000517
fraudulent,17,0.000517
overrated,17,0.000517
qualms,17,0.000517
raving,17,0.000517
vehemently,17,0.000517
gasp,17,0.000517
sob,17,0.000517
abolish,17,0.000517
cocky,17,0.000517
anomaly,17,0.000517
dogmatic,17,0.000517
needy,17,0.000517
expire,17,0.000517
intolerance,17,0.000517
puzzling,17,0.000517
illicit,16,0.000487
unproven,16,0.000487
ding,16,0.000487
erroneously,16,0.000487
bumped,16,0.000487
intolerable,16,0.000487
dragging,16,0.000487
bland,16,0.000487
disadvantage,16,0.000487
faint,16,0.000487
creeping,16,0.000487
outcry,16,0.000487
fabrication,16,0.000487
harmed,16,0.000487
unavailable,16,0.000487
sorrow,16,0.000487
intrusive,16,0.000487
confessions,16,0.000487
imperialist,16,0.000487
doomsday,16,0.000487
bloated,16,0.000487
pitiful,16,0.000487
dissident,16,0.000487
tentative,16,0.000487
unconstitutional,16,0.000487
trauma,16,0.000487
ineligible,16,0.000487
irregular,16,0.000487
havoc,16,0.000487
crushing,16,0.000487
sacrificed,16,0.000487
inaccurately,16,0.000487
fierce,16,0.000487
hassle,16,0.000487
discouraging,16,0.000487
mediocre,16,0.000487
demeaning,16,0.000487
unwillingness,16,0.000487
compulsive,16,0.000487
brat,16,0.000487
invalidate,16,0.000487
distressed,16,0.000487
strain,16,0.000487
midget,16,0.000487
denounce,15,0.000456
insufficiently,15,0.000456
yawn,15,0.000456
manipulative,15,0.000456
divergent,15,0.000456
denigrate,15,0.000456
distress,15,0.000456
loot,15,0.000456
spew,15,0.000456
blurry,15,0.000456
indistinguishable,15,0.000456
exploit,15,0.000456
grotesque,15,0.000456
offender,15,0.000456
interrupt,15,0.000456
unrealistic,15,0.000456
spoiled,15,0.000456
impotent,15,0.000456
refuting,15,0.000456
commonplace,15,0.000456
nitpick,15,0.000456
betrayal,15,0.000456
forged,15,0.000456
indifferent,15,0.000456
bunk,15,0.000456
infidels,15,0.000456
hurtful,15,0.000456
allege,15,0.000456
condemnation,15,0.000456
upsets,15,0.000456
deficient,15,0.000456
brutally,15,0.000456
dread,15,0.000456
demise,15,0.000456
frenzy,15,0.000456
outburst,15,0.000456
mania,15,0.000456
murderous,15,0.000456
maniac,15,0.000456
distort,15,0.000456
breakup,15,0.000456
flagrant,15,0.000456
horrendous,15,0.000456
mysteriously,15,0.000456
suspiciously,15,0.000456
atrocious,15,0.000456
cracks,15,0.000456
mocked,15,0.000456
clunky,15,0.000456
amiss,15,0.000456
marginally,15,0.000456
hegemony,15,0.000456
freezing,14,0.000426
humiliating,14,0.000426
upsetting,14,0.000426
rusty,14,0.000426
dissed,14,0.000426
contrived,14,0.000426
jealousy,14,0.000426
gutter,14,0.000426
weaknesses,14,0.000426
immaterial,14,0.000426
meddle,14,0.000426
flimsy,14,0.000426
foe,14,0.000426
taunting,14,0.000426
shortcomings,14,0.000426
distract,14,0.000426
crashing,14,0.000426
abnormal,14,0.000426
abrasive,14,0.000426
disbelief,14,0.000426
fiend,14,0.000426
blurred,14,0.000426
animosity,14,0.000426
starvation,14,0.000426
tyrant,14,0.000426
freeze,14,0.000426
ineffective,14,0.000426
unwise,14,0.000426
discriminate,14,0.000426
degrade,14,0.000426
starve,14,0.000426
pretense,14,0.000426
refutation,14,0.000426
embarrass,14,0.000426
hangs,14,0.000426
taunt,14,0.000426
disable,14,0.000426
imprecise,14,0.000426
hysterical,14,0.000426
daunting,14,0.000426
inhumane,14,0.000426
humiliation,14,0.000426
limp,14,0.000426
unfit,14,0.000426
clique,14,0.000426
cannibal,14,0.000426
shroud,14,0.000426
handicapped,14,0.000426
quibble,14,0.000426
frost,14,0.000426
loathe,14,0.000426
mercilessly,14,0.000426
undermined,14,0.000426
despised,13,0.000396
sucky,13,0.000396
shoddy,13,0.000396
haunt,13,0.000396
downfall,13,0.000396
slowed,13,0.000396
parasite,13,0.000396
atrocity,13,0.000396
picky,13,0.000396
unsafe,13,0.000396
liability,13,0.000396
overblown,13,0.000396
incessant,13,0.000396
diatribe,13,0.000396
astray,13,0.000396
protested,13,0.000396
messes,13,0.000396
discriminatory,13,0.000396
rocky,13,0.000396
delusions,13,0.000396
sober,13,0.000396
unsatisfactory,13,0.000396
defects,13,0.000396
bankrupt,13,0.000396
butcher,13,0.000396
unhealthy,13,0.000396
reluctantly,13,0.000396
fanciful,13,0.000396
buggy,13,0.000396
ugliest,13,0.000396
heretical,13,0.000396
aversion,13,0.000396
violently,13,0.000396
unjustly,13,0.000396
suicidal,13,0.000396
overloaded,13,0.000396
dent,13,0.000396
argumentative,13,0.000396
dissolution,13,0.000396
ruthless,13,0.000396
confrontation,13,0.000396
sting,13,0.000396
degradation,13,0.000396
frightening,13,0.000396
refutes,13,0.000396
contemptuous,13,0.000396
detracts,13,0.000396
cumbersome,13,0.000396
unbelievably,13,0.000396
hinder,13,0.000396
indecent,13,0.000396
stubbornly,13,0.000396
muddy,13,0.000396
slack,13,0.000396
inconsequential,13,0.000396
twists,13,0.000396
wack,13,0.000396
scar,13,0.000396
rascal,13,0.000396
insecurity,13,0.000396
stifle,13,0.000396
disparage,13,0.000396
repugnant,13,0.000396
shrug,13,0.000396
bait,13,0.000396
contagious,13,0.000396
disapprove,12,0.000365
regrettably,12,0.000365
slanders,12,0.000365
inflexible,12,0.000365
antagonist,12,0.000365
wrongful,12,0.000365
deviation,12,0.000365
tramp,12,0.000365
remorse,12,0.000365
resentment,12,0.000365
bondage,12,0.000365
stigma,12,0.000365
evils,12,0.000365
bump,12,0.000365
outlaw,12,0.000365
unusable,12,0.000365
defy,12,0.000365
unrest,12,0.000365
susceptible,12,0.000365
demonic,12,0.000365
facetious,12,0.000365
undesirable,12,0.000365
tiring,12,0.000365
dungeons,12,0.000365
disappoint,12,0.000365
fallacies,12,0.000365
crass,12,0.000365
sickness,12,0.000365
overweight,12,0.000365
baffled,12,0.000365
scarcely,12,0.000365
unfinished,12,0.000365
contaminated,12,0.000365
moody,12,0.000365
conspicuously,12,0.000365
anomalous,12,0.000365
nebulous,12,0.000365
alarming,12,0.000365
invader,12,0.000365
groundless,12,0.000365
trashed,12,0.000365
impractical,12,0.000365
zap,12,0.000365
adamant,12,0.000365
horde,12,0.000365
impunity,12,0.000365
caricature,12,0.000365
concession,12,0.000365
crooks,12,0.000365
complication,12,0.000365
sleazy,12,0.000365
goon,12,0.000365
cheesy,12,0.000365
delusional,12,0.000365
ire,12,0.000365
misunderstandings,12,0.000365
conflicted,12,0.000365
secretive,12,0.000365
fleeing,12,0.000365
volatile,12,0.000365
sap,12,0.000365
rampage,12,0.000365
contamination,12,0.000365
aggravating,12,0.000365
stain,12,0.000365
bugging,12,0.000365
inferiority,12,0.000365
offensiveness,12,0.000365
catastrophic,12,0.000365
ambivalent,12,0.000365
saggy,12,0.000365
perversion,12,0.000365
negligence,11,0.000335
perverts,11,0.000335
rattle,11,0.000335
uneven,11,0.000335
weakening,11,0.000335
confusions,11,0.000335
risky,11,0.000335
tenuous,11,0.000335
hum,11,0.000335
lag,11,0.000335
chaotic,11,0.000335
rigidity,11,0.000335
substandard,11,0.000335
deviate,11,0.000335
blackmail,11,0.000335
dissing,11,0.000335
absurdly,11,0.000335
sketchy,11,0.000335
scarce,11,0.000335
exhaust,11,0.000335
choppy,11,0.000335
infested,11,0.000335
stump,11,0.000335
leaks,11,0.000335
ploy,11,0.000335
frown,11,0.000335
louder,11,0.000335
cheats,11,0.000335
crook,11,0.000335
spewing,11,0.000335
hopelessly,11,0.000335
unexpectedly,11,0.000335
tout,11,0.000335
betray,11,0.000335
obscurity,11,0.000335
deprived,11,0.000335
vengeance,11,0.000335
dictatorial,11,0.000335
hideous,11,0.000335
irritation,11,0.000335
cranky,11,0.000335
invasive,11,0.000335
nefarious,11,0.000335
thicker,11,0.000335
comical,11,0.000335
gall,11,0.000335
molestation,11,0.000335
mistress,11,0.000335
steals,11,0.000335
mangled,11,0.000335
fruitless,11,0.000335
flagrantly,11,0.000335
presumptuous,11,0.000335
scrambled,11,0.000335
deceitful,11,0.000335
decadence,11,0.000335
deficiencies,11,0.000335
infamy,11,0.000335
lapse,11,0.000335
exhaustion,11,0.000335
abruptly,11,0.000335
lech,11,0.000335
struggled,11,0.000335
perplexed,11,0.000335
unreasonably,11,0.000335
obstruct,11,0.000335
contemptible,11,0.000335
sporadic,11,0.000335
hells,11,0.000335
insinuating,11,0.000335
negate,11,0.000335
corrupting,11,0.000335
brutality,11,0.000335
dud,11,0.000335
inhuman,10,0.000304
rust,10,0.000304
dismay,10,0.000304
impaired,10,0.000304
lurking,10,0.000304
undetermined,10,0.000304
crooked,10,0.000304
revoke,10,0.000304
defame,10,0.000304
scandalous,10,0.000304
misinterpret,10,0.000304
warp,10,0.000304
disgruntled,10,0.000304
turmoil,10,0.000304
disturb,10,0.000304
vehement,10,0.000304
sharply,10,0.000304
inflame,10,0.000304
obscenity,10,0.000304
fabricate,10,0.000304
miserably,10,0.000304
stressful,10,0.000304
rash,10,0.000304
prejudicial,10,0.000304
unjust,10,0.000304
gruesome,10,0.000304
fraught,10,0.000304
touchy,10,0.000304
anguish,10,0.000304
involuntary,10,0.000304
hardened,10,0.000304
costly,10,0.000304
undefined,10,0.000304
leer,10,0.000304
conspicuous,10,0.000304
babble,10,0.000304
culprit,10,0.000304
notoriously,10,0.000304
bombardment,10,0.000304
sufferers,10,0.000304
kook,10,0.000304
ultimatum,10,0.000304
hacks,10,0.000304
subdued,10,0.000304
strife,10,0.000304
steep,10,0.000304
moan,10,0.000304
torrent,10,0.000304
sinister,10,0.000304
inconsiderate,10,0.000304
extravagant,10,0.000304
fragmented,10,0.000304
spiteful,10,0.000304
cuss,10,0.000304
crept,10,0.000304
weary,10,0.000304
unleash,10,0.000304
imbalance,10,0.000304
oversimplification,10,0.000304
crowded,10,0.000304
radicals,10,0.000304
harms,10,0.000304
traumatic,10,0.000304
overrun,10,0.000304
impending,10,0.000304
glaringly,10,0.000304
arcane,10,0.000304
downside,10,0.000304
isolate,10,0.000304
unpredictable,10,0.000304
oblique,10,0.000304
fundamentalism,10,0.000304
crashes,10,0.000304
vibration,10,0.000304
grudges,10,0.000304
weep,10,0.000304
leakage,10,0.000304
coercive,10,0.000304
despair,10,0.000304
torturing,9,0.000274
overbearing,9,0.000274
horrified,9,0.000274
impatience,9,0.000274
gimmick,9,0.000274
usurp,9,0.000274
onerous,9,0.000274
vagueness,9,0.000274
mischief,9,0.000274
abomination,9,0.000274
misfortune,9,0.000274
wretched,9,0.000274
dismal,9,0.000274
puny,9,0.000274
blur,9,0.000274
scoundrel,9,0.000274
regrets,9,0.000274
gullible,9,0.000274
unattractive,9,0.000274
swamped,9,0.000274
unreliability,9,0.000274
untrustworthy,9,0.000274
revolting,9,0.000274
incongruous,9,0.000274
epidemic,9,0.000274
oppressive,9,0.000274
jarring,9,0.000274
alienated,9,0.000274
indeterminate,9,0.000274
frigging,9,0.000274
undermining,9,0.000274
disrespecting,9,0.000274
stringent,9,0.000274
irritate,9,0.000274
hastily,9,0.000274
flaunt,9,0.000274
derisive,9,0.000274
derision,9,0.000274
bashed,9,0.000274
coercion,9,0.000274
farfetched,9,0.000274
mindlessly,9,0.000274
flak,9,0.000274
batty,9,0.000274
turbulent,9,0.000274
trashy,9,0.000274
cringe,9,0.000274
avalanche,9,0.000274
callous,9,0.000274
leaking,9,0.000274
adversarial,9,0.000274
subtract,9,0.000274
disgustingly,9,0.000274
tarnish,9,0.000274
anxious,9,0.000274
sully,9,0.000274
unkind,9,0.000274
tricked,9,0.000274
stifling,9,0.000274
undocumented,9,0.000274
untenable,9,0.000274
nemesis,9,0.000274
alienate,9,0.000274
belittle,9,0.000274
laughably,9,0.000274
lowly,9,0.000274
woe,9,0.000274
noises,9,0.000274
castrated,9,0.000274
bleed,9,0.000274
slime,9,0.000274
runaway,9,0.000274
obscures,9,0.000274
foolishly,9,0.000274
fragile,9,0.000274
bane,9,0.000274
tacky,9,0.000274
fumes,9,0.000274
inflict,9,0.000274
expel,9,0.000274
spook,9,0.000274
unscrupulous,9,0.000274
impedance,9,0.000274
blunder,9,0.000274
hazard,9,0.000274
catastrophe,9,0.000274
rife,9,0.000274
defiant,9,0.000274
drones,9,0.000274
horrifying,9,0.000274
dunce,9,0.000274
tease,9,0.000274
outrageously,9,0.000274
concessions,9,0.000274
erratic,8,0.000243
impersonal,8,0.000243
dilemma,8,0.000243
manic,8,0.000243
bumping,8,0.000243
embarrassingly,8,0.000243
improbable,8,0.000243
creeps,8,0.000243
pales,8,0.000243
collusion,8,0.000243
insurrection,8,0.000243
annoyingly,8,0.000243
headaches,8,0.000243
adversary,8,0.000243
exaggerate,8,0.000243
deceive,8,0.000243
inaction,8,0.000243
interruption,8,0.000243
venomous,8,0.000243
vomiting,8,0.000243
virulent,8,0.000243
incite,8,0.000243
intrude,8,0.000243
errant,8,0.000243
cynicism,8,0.000243
undecided,8,0.000243
dismayed,8,0.000243
uglier,8,0.000243
downhill,8,0.000243
inadequately,8,0.000243
disadvantaged,8,0.000243
frustrations,8,0.000243
unclean,8,0.000243
zealot,8,0.000243
heinous,8,0.000243
reviled,8,0.000243
protracted,8,0.000243
blasphemous,8,0.000243
ruthlessly,8,0.000243
insatiable,8,0.000243
warped,8,0.000243
greasy,8,0.000243
subversive,8,0.000243
stumped,8,0.000243
disastrous,8,0.000243
restless,8,0.000243
baffling,8,0.000243
temerity,8,0.000243
unequal,8,0.000243
flair,8,0.000243
arrogantly,8,0.000243
repulsive,8,0.000243
spank,8,0.000243
bleeds,8,0.000243
powerless,8,0.000243
stall,8,0.000243
displeasure,8,0.000243
belittling,8,0.000243
conceded,8,0.000243
sever,8,0.000243
annihilation,8,0.000243
bulky,8,0.000243
shockingly,8,0.000243
tantrum,8,0.000243
disallow,8,0.000243
dripping,8,0.000243
condescension,8,0.000243
devastated,8,0.000243
condemns,8,0.000243
oversimplified,8,0.000243
lifeless,8,0.000243
antagonism,8,0.000243
monstrous,8,0.000243
drained,8,0.000243
thankless,8,0.000243
pernicious,8,0.000243
overstatement,8,0.000243
hazardous,8,0.000243
rupture,8,0.000243
spilling,8,0.000243
blasted,8,0.000243
obsessively,8,0.000243
unfavorable,8,0.000243
jeopardy,8,0.000243
boredom,8,0.000243
smut,8,0.000243
tyrannical,8,0.000243
sidetracked,8,0.000243
uneasy,8,0.000243
unjustifiable,8,0.000243
bonkers,8,0.000243
falsify,8,0.000243
mashed,8,0.000243
plight,8,0.000243
disinclined,8,0.000243
poorest,8,0.000243
carelessness,8,0.000243
gloom,8,0.000243
mist,8,0.000243
hardship,8,0.000243
misgivings,8,0.000243
unsuccessfully,8,0.000243
alarmed,8,0.000243
detriment,8,0.000243
sanctimonious,8,0.000243
pollute,8,0.000243
insular,7,0.000213
unfaithful,7,0.000213
invective,7,0.000213
exasperated,7,0.000213
reproach,7,0.000213
dreary,7,0.000213
hectic,7,0.000213
inexperience,7,0.000213
hefty,7,0.000213
discomfort,7,0.000213
punishable,7,0.000213
damnation,7,0.000213
rebellious,7,0.000213
desperation,7,0.000213
imposition,7,0.000213
blockage,7,0.000213
deceiving,7,0.000213
deformed,7,0.000213
distressing,7,0.000213
perish,7,0.000213
snobs,7,0.000213
deceit,7,0.000213
enraged,7,0.000213
averse,7,0.000213
bribery,7,0.000213
relapse,7,0.000213
spoils,7,0.000213
stooges,7,0.000213
overstated,7,0.000213
flicker,7,0.000213
deplorable,7,0.000213
fudge,7,0.000213
detest,7,0.000213
selfishness,7,0.000213
ugliness,7,0.000213
insincere,7,0.000213
ambush,7,0.000213
relentlessly,7,0.000213
exacerbate,7,0.000213
obstruction,7,0.000213
agony,7,0.000213
implicate,7,0.000213
fracture,7,0.000213
unseemly,7,0.000213
abrupt,7,0.000213
abyss,7,0.000213
spewed,7,0.000213
weaken,7,0.000213
insolent,7,0.000213
disconcerting,7,0.000213
overwhelm,7,0.000213
hamper,7,0.000213
tentatively,7,0.000213
pinch,7,0.000213
sarcastically,7,0.000213
screwy,7,0.000213
insinuate,7,0.000213
pathetically,7,0.000213
loopholes,7,0.000213
infraction,7,0.000213
censure,7,0.000213
peeve,7,0.000213
shun,7,0.000213
deteriorating,7,0.000213
reluctance,7,0.000213
conspire,7,0.000213
fateful,7,0.000213
predicament,7,0.000213
wayward,7,0.000213
mistrust,7,0.000213
illusory,7,0.000213
angrily,7,0.000213
underestimate,7,0.000213
negligent,7,0.000213
wilt,7,0.000213
betrays,7,0.000213
dogged,7,0.000213
unorthodox,7,0.000213
quarrel,7,0.000213
scathing,7,0.000213
rue,7,0.000213
scarcity,7,0.000213
draconian,7,0.000213
indefensible,7,0.000213
diatribes,7,0.000213
delays,7,0.000213
curt,7,0.000213
tangled,7,0.000213
reprehensible,7,0.000213
sly,7,0.000213
bristle,7,0.000213
thoughtless,7,0.000213
obscured,7,0.000213
brainwash,7,0.000213
indignation,7,0.000213
scams,7,0.000213
cheater,7,0.000213
immorality,7,0.000213
pretence,7,0.000213
humiliate,7,0.000213
cliche,7,0.000213
brute,7,0.000213
dissonance,7,0.000213
mire,7,0.000213
posturing,7,0.000213
smelled,7,0.000213
draining,7,0.000213
irate,7,0.000213
ghastly,7,0.000213
insanely,7,0.000213
sues,7,0.000213
drips,7,0.000213
nastiness,7,0.000213
intrusion,7,0.000213
unsavory,7,0.000213
loophole,7,0.000213
indifference,7,0.000213
instability,7,0.000213
funnily,7,0.000213
indiscriminately,7,0.000213
stalls,7,0.000213
lier,7,0.000213
lewd,7,0.000213
noxious,7,0.000213
discontinuous,7,0.000213
farcical,7,0.000213
dissension,6,0.000183
clog,6,0.000183
obliterate,6,0.000183
inundated,6,0.000183
lure,6,0.000183
consternation,6,0.000183
regrettable,6,0.000183
troublemaker,6,0.000183
inadequacy,6,0.000183
chatter,6,0.000183
menial,6,0.000183
fussy,6,0.000183
fib,6,0.000183
impossibly,6,0.000183
fret,6,0.000183
irreversible,6,0.000183
erosion,6,0.000183
deadbeat,6,0.000183
coarse,6,0.000183
scolded,6,0.000183
stuffy,6,0.000183
showdown,6,0.000183
waning,6,0.000183
distrust,6,0.000183
insinuation,6,0.000183
sty,6,0.000183
strangest,6,0.000183
deprive,6,0.000183
disrepute,6,0.000183
fearful,6,0.000183
drowning,6,0.000183
uncreative,6,0.000183
outbursts,6,0.000183
torment,6,0.000183
taint,6,0.000183
distorts,6,0.000183
muddle,6,0.000183
subversion,6,0.000183
drawbacks,6,0.000183
negation,6,0.000183
jaded,6,0.000183
rebuke,6,0.000183
shadowy,6,0.000183
strained,6,0.000183
stew,6,0.000183
dumps,6,0.000183
inequalities,6,0.000183
dungeon,6,0.000183
banish,6,0.000183
adamantly,6,0.000183
stresses,6,0.000183
hardships,6,0.000183
culpable,6,0.000183
panicked,6,0.000183
allergy,6,0.000183
banal,6,0.000183
disapproval,6,0.000183
worsening,6,0.000183
defiantly,6,0.000183
noisy,6,0.000183
sinful,6,0.000183
envious,6,0.000183
pandering,6,0.000183
crippled,6,0.000183
forceful,6,0.000183
chilly,6,0.000183
dissatisfied,6,0.000183
infidel,6,0.000183
stains,6,0.000183
growl,6,0.000183
evasive,6,0.000183
scarred,6,0.000183
defile,6,0.000183
fugitive,6,0.000183
insubstantial,6,0.000183
thwart,6,0.000183
froze,6,0.000183
swagger,6,0.000183
touted,6,0.000183
lull,6,0.000183
squabble,6,0.000183
disagreeable,6,0.000183
bumps,6,0.000183
busybody,6,0.000183
deplore,6,0.000183
retreated,6,0.000183
dusty,6,0.000183
entanglement,6,0.000183
barbarous,6,0.000183
fatally,6,0.000183
terrorize,6,0.000183
cripple,6,0.000183
despondent,6,0.000183
bloodthirsty,6,0.000183
chastise,6,0.000183
timid,6,0.000183
crippling,6,0.000183
solemn,6,0.000183
unconvincing,6,0.000183
ungrateful,6,0.000183
discontent,6,0.000183
volatility,6,0.000183
apocalyptic,6,0.000183
disorganized,6,0.000183
bewildered,6,0.000183
eccentricity,6,0.000183
irrelevance,6,0.000183
hostilities,6,0.000183
unrelenting,6,0.000183
paltry,6,0.000183
aggrieved,6,0.000183
blinding,6,0.000183
annoyances,6,0.000183
scramble,6,0.000183
unjustifiably,6,0.000183
repressive,6,0.000183
apathy,6,0.000183
onslaught,6,0.000183
instigator,6,0.000183
scourge,6,0.000183
hustler,6,0.000183
itchy,6,0.000183
exasperation,6,0.000183
snobby,6,0.000183
fissures,6,0.000183
ludicrously,5,0.000152
tempest,5,0.000152
martyrdom,5,0.000152
smallish,5,0.000152
scars,5,0.000152
hysterically,5,0.000152
indecisive,5,0.000152
tragically,5,0.000152
dishonestly,5,0.000152
weirdly,5,0.000152
lackluster,5,0.000152
scapegoat,5,0.000152
wanton,5,0.000152
frighten,5,0.000152
strident,5,0.000152
malign,5,0.000152
impede,5,0.000152
blather,5,0.000152
disobey,5,0.000152
autocratic,5,0.000152
drought,5,0.000152
quarrels,5,0.000152
grievance,5,0.000152
irks,5,0.000152
brood,5,0.000152
murky,5,0.000152
unbearable,5,0.000152
bloodshed,5,0.000152
bitterly,5,0.000152
shamelessly,5,0.000152
disses,5,0.000152
assassinate,5,0.000152
treacherous,5,0.000152
recoil,5,0.000152
blabber,5,0.000152
blunders,5,0.000152
shortsighted,5,0.000152
jagged,5,0.000152
deceptively,5,0.000152
debts,5,0.000152
goad,5,0.000152
indoctrination,5,0.000152
feign,5,0.000152
defect,5,0.000152
figurehead,5,0.000152
oppositions,5,0.000152
compulsion,5,0.000152
unruly,5,0.000152
predatory,5,0.000152
measly,5,0.000152
superstition,5,0.000152
enslave,5,0.000152
beggar,5,0.000152
cronyism,5,0.000152
sunken,5,0.000152
wasteful,5,0.000152
dearth,5,0.000152
itch,5,0.000152
hypocritically,5,0.000152
vilify,5,0.000152
pessimistic,5,0.000152
hissing,5,0.000152
fatigued,5,0.000152
addicts,5,0.000152
incorrigible,5,0.000152
swelling,5,0.000152
subjugation,5,0.000152
erode,5,0.000152
bereft,5,0.000152
dissuade,5,0.000152
declines,5,0.000152
fearsome,5,0.000152
effigy,5,0.000152
darkened,5,0.000152
naively,5,0.000152
superficially,5,0.000152
plunder,5,0.000152
strangle,5,0.000152
hawkish,5,0.000152
dissidents,5,0.000152
conceit,5,0.000152
dupe,5,0.000152
shiver,5,0.000152
calamity,5,0.000152
furiously,5,0.000152
pander,5,0.000152
negativity,5,0.000152
impeach,5,0.000152
devious,5,0.000152
inarticulate,5,0.000152
splatter,5,0.000152
mocks,5,0.000152
irritable,5,0.000152
retaliate,5,0.000152
vibrating,5,0.000152
eschew,5,0.000152
swollen,5,0.000152
unacceptably,5,0.000152
unskilled,5,0.000152
oddity,5,0.000152
mudslinging,5,0.000152
illusions,5,0.000152
antagonize,5,0.000152
prosecute,5,0.000152
uncivilized,5,0.000152
blurring,5,0.000152
submissive,5,0.000152
bombastic,5,0.000152
scratched,5,0.000152
despot,5,0.000152
allergies,5,0.000152
threesome,5,0.000152
antipathy,5,0.000152
antiquated,5,0.000152
militancy,5,0.000152
stupor,5,0.000152
chore,5,0.000152
snob,5,0.000152
inefficient,5,0.000152
viciously,5,0.000152
regression,5,0.000152
boastful,5,0.000152
caustic,5,0.000152
vociferous,5,0.000152
hampered,5,0.000152
adversity,5,0.000152
insufferable,5,0.000152
infamously,5,0.000152
grate,5,0.000152
conceited,5,0.000152
affront,5,0.000152
meltdown,5,0.000152
shambles,5,0.000152
freezes,5,0.000152
uncooperative,5,0.000152
wrinkles,5,0.000152
stiffness,5,0.000152
sicken,5,0.000152
despotic,5,0.000152
wedge,5,0.000152
stubbornness,5,0.000152
equivocal,5,0.000152
dissapointed,5,0.000152
wrestle,5,0.000152
scold,5,0.000152
imminently,5,0.000152
gutless,5,0.000152
battered,5,0.000152
devastation,5,0.000152
incendiary,5,0.000152
uncouth,5,0.000152
taunts,5,0.000152
oppressors,5,0.000152
hapless,5,0.000152
neurotic,5,0.000152
injustices,5,0.000152
ferocity,5,0.000152
salacious,5,0.000152
discord,5,0.000152
deteriorate,5,0.000152
bruised,5,0.000152
tediously,5,0.000152
carp,5,0.000152
latency,5,0.000152
thorny,4,0.000122
irrationally,4,0.000122
tamper,4,0.000122
ulterior,4,0.000122
austere,4,0.000122
mangle,4,0.000122
chagrin,4,0.000122
grievous,4,0.000122
uncaring,4,0.000122
appallingly,4,0.000122
throttle,4,0.000122
ranted,4,0.000122
shatter,4,0.000122
downsides,4,0.000122
fanatically,4,0.000122
paradoxically,4,0.000122
patronize,4,0.000122
spews,4,0.000122
heathen,4,0.000122
thirst,4,0.000122
hotheaded,4,0.000122
gripe,4,0.000122
lurk,4,0.000122
scratches,4,0.000122
grudgingly,4,0.000122
incomparable,4,0.000122
shortcoming,4,0.000122
instigate,4,0.000122
craze,4,0.000122
deterrent,4,0.000122
lurch,4,0.000122
squabbling,4,0.000122
unprepared,4,0.000122
renunciation,4,0.000122
straining,4,0.000122
clogs,4,0.000122
mirage,4,0.000122
wreak,4,0.000122
hazy,4,0.000122
selfishly,4,0.000122
complicit,4,0.000122
outcast,4,0.000122
deterioration,4,0.000122
hoard,4,0.000122
overstate,4,0.000122
motley,4,0.000122
impropriety,4,0.000122
bleak,4,0.000122
sag,4,0.000122
downgrade,4,0.000122
aches,4,0.000122
aggravate,4,0.000122
untested,4,0.000122
gripes,4,0.000122
spotty,4,0.000122
incoherence,4,0.000122
irked,4,0.000122
obstinate,4,0.000122
shrew,4,0.000122
abysmal,4,0.000122
repulse,4,0.000122
sadness,4,0.000122
toil,4,0.000122
underdog,4,0.000122
unsettled,4,0.000122
usurper,4,0.000122
strut,4,0.000122
felon,4,0.000122
merciless,4,0.000122
sloppily,4,0.000122
imperfection,4,0.000122
stuttering,4,0.000122
snobbish,4,0.000122
decayed,4,0.000122
slog,4,0.000122
funky,4,0.000122
acrimonious,4,0.000122
viper,4,0.000122
extinguish,4,0.000122
forbidding,4,0.000122
inordinate,4,0.000122
avenge,4,0.000122
unlucky,4,0.000122
officious,4,0.000122
peeled,4,0.000122
graft,4,0.000122
obliterated,4,0.000122
smother,4,0.000122
insolence,4,0.000122
dissatisfaction,4,0.000122
dishonorable,4,0.000122
bewildering,4,0.000122
dehumanize,4,0.000122
impoverished,4,0.000122
subservient,4,0.000122
unlawfully,4,0.000122
arduous,4,0.000122
overshadow,4,0.000122
inescapable,4,0.000122
ruffle,4,0.000122
brittle,4,0.000122
irksome,4,0.000122
melodramatic,4,0.000122
interferes,4,0.000122
indecency,4,0.000122
vestiges,4,0.000122
recant,4,0.000122
worthlessness,4,0.000122
capricious,4,0.000122
decadent,4,0.000122
wily,4,0.000122
slug,4,0.000122
renounce,4,0.000122
detestable,4,0.000122
cautionary,4,0.000122
paradoxical,4,0.000122
squander,4,0.000122
repel,4,0.000122
tardy,4,0.000122
ordeal,4,0.000122
chide,4,0.000122
squirm,4,0.000122
banishment,4,0.000122
extortion,4,0.000122
upheaval,4,0.000122
paucity,4,0.000122
skeletons,4,0.000122
mangling,4,0.000122
squeaky,4,0.000122
distaste,4,0.000122
delaying,4,0.000122
vengeful,4,0.000122
smelt,4,0.000122
admonish,4,0.000122
lament,4,0.000122
payback,4,0.000122
intermittent,4,0.000122
infernal,4,0.000122
madden,4,0.000122
servitude,4,0.000122
embroiled,4,0.000122
stench,4,0.000122
scorn,4,0.000122
nag,4,0.000122
atrophy,4,0.000122
smelling,4,0.000122
sloth,4,0.000122
corrosive,4,0.000122
battering,4,0.000122
disavow,4,0.000122
credulous,4,0.000122
obstinately,4,0.000122
ripoff,4,0.000122
buckle,4,0.000122
aborted,4,0.000122
traumatized,4,0.000122
violator,4,0.000122
fleeting,4,0.000122
lagging,4,0.000122
humid,4,0.000122
retaliatory,4,0.000122
tortures,4,0.000122
forsaken,4,0.000122
expropriation,4,0.000122
beseech,4,0.000122
confound,4,0.000122
disillusioned,4,0.000122
hideously,4,0.000122
downer,4,0.000122
fright,4,0.000122
disgraced,4,0.000122
lapses,4,0.000122
futility,4,0.000122
dizzy,4,0.000122
jobless,4,0.000122
vindictiveness,4,0.000122
rift,4,0.000122
uncontrolled,4,0.000122
overemphasize,4,0.000122
irreconcilable,4,0.000122
hassled,4,0.000122
loath,4,0.000122
chunky,4,0.000122
agonize,4,0.000122
leery,4,0.000122
lonesome,4,0.000122
nepotism,4,0.000122
jerky,4,0.000122
shunned,4,0.000122
testy,4,0.000122
stooge,4,0.000122
allergic,4,0.000122
miscreants,4,0.000122
stun,4,0.000122
disaffected,4,0.000122
buzzing,4,0.000122
misbehave,4,0.000122
writhe,4,0.000122
corrosion,4,0.000122
gritty,4,0.000122
forgetfulness,3,0.000091
calamitous,3,0.000091
grouse,3,0.000091
obstacle,3,0.000091
drunkard,3,0.000091
undignified,3,0.000091
forsake,3,0.000091
ineptitude,3,0.000091
opportunistic,3,0.000091
inflationary,3,0.000091
embattled,3,0.000091
pitifully,3,0.000091
slashing,3,0.000091
cutthroat,3,0.000091
rollercoaster,3,0.000091
inordinately,3,0.000091
huckster,3,0.000091
irrationality,3,0.000091
injurious,3,0.000091
ridicules,3,0.000091
infringements,3,0.000091
menacing,3,0.000091
ultimatums,3,0.000091
regressive,3,0.000091
heretic,3,0.000091
craziness,3,0.000091
shipwreck,3,0.000091
aimless,3,0.000091
wail,3,0.000091
overdo,3,0.000091
glitches,3,0.000091
leech,3,0.000091
brazenly,3,0.000091
blemish,3,0.000091
infuriating,3,0.000091
aggressiveness,3,0.000091
setback,3,0.000091
craps,3,0.000091
superstitious,3,0.000091
madman,3,0.000091
snare,3,0.000091
inelegant,3,0.000091
stalemate,3,0.000091
impugn,3,0.000091
disclaim,3,0.000091
annihilate,3,0.000091
disarm,3,0.000091
sorrowful,3,0.000091
qualm,3,0.000091
craven,3,0.000091
deprecate,3,0.000091
wearisome,3,0.000091
offensively,3,0.000091
dismissively,3,0.000091
tangle,3,0.000091
backwoods,3,0.000091
haunting,3,0.000091
denunciation,3,0.000091
riled,3,0.000091
manipulators,3,0.000091
wrought,3,0.000091
shrouded,3,0.000091
inconceivable,3,0.000091
peril,3,0.000091
inflammation,3,0.000091
monotonous,3,0.000091
indignity,3,0.000091
shamefully,3,0.000091
obsess,3,0.000091
domineering,3,0.000091
immovable,3,0.000091
stormy,3,0.000091
misleadingly,3,0.000091
scrambling,3,0.000091
sceptical,3,0.000091
demean,3,0.000091
gruff,3,0.000091
outmoded,3,0.000091
bitterness,3,0.000091
obscenely,3,0.000091
disheartening,3,0.000091
demolish,3,0.000091
scant,3,0.000091
unintelligible,3,0.000091
debase,3,0.000091
excruciatingly,3,0.000091
overreach,3,0.000091
insignificance,3,0.000091
succumb,3,0.000091
excruciating,3,0.000091
lackeys,3,0.000091
emphatic,3,0.000091
bruising,3,0.000091
perplexing,3,0.000091
acrimony,3,0.000091
vomited,3,0.000091
unspeakable,3,0.000091
maddening,3,0.000091
spooky,3,0.000091
trample,3,0.000091
harasses,3,0.000091
foreboding,3,0.000091
crafty,3,0.000091
perversely,3,0.000091
cripples,3,0.000091
carnage,3,0.000091
underpaid,3,0.000091
loathing,3,0.000091
destitute,3,0.000091
incompatibility,3,0.000091
apathetic,3,0.000091
motionless,3,0.000091
involuntarily,3,0.000091
snub,3,0.000091
berate,3,0.000091
simplistically,3,0.000091
cackle,3,0.000091
stumbles,3,0.000091
barren,3,0.000091
outrageousness,3,0.000091
displeased,3,0.000091
unwisely,3,0.000091
overdone,3,0.000091
sidetrack,3,0.000091
altercation,3,0.000091
emptiness,3,0.000091
blurs,3,0.000091
downturn,3,0.000091
zealous,3,0.000091
haughty,3,0.000091
inhibition,3,0.000091
harrow,3,0.000091
retardedness,3,0.000091
bombard,3,0.000091
cancerous,3,0.000091
worsen,3,0.000091
lawless,3,0.000091
impasse,3,0.000091
unappealing,3,0.000091
lurid,3,0.000091
egocentric,3,0.000091
skimpy,3,0.000091
egotistical,3,0.000091
grumble,3,0.000091
perversity,3,0.000091
askance,3,0.000091
inhibit,3,0.000091
admonition,3,0.000091
disappoints,3,0.000091
mists,3,0.000091
timidity,3,0.000091
douchbag,3,0.000091
felonious,3,0.000091
checkered,3,0.000091
grouchy,3,0.000091
hallucination,3,0.000091
disapproving,3,0.000091
strenuous,3,0.000091
kooky,3,0.000091
hedonistic,3,0.000091
displace,3,0.000091
interruptions,3,0.000091
disliking,3,0.000091
cloudy,3,0.000091
horrify,3,0.000091
adulterated,3,0.000091
backwardness,3,0.000091
reprimand,3,0.000091
complacent,3,0.000091
bestial,3,0.000091
bedlam,3,0.000091
hindrance,3,0.000091
pointlessly,3,0.000091
reticent,3,0.000091
gravely,3,0.000091
stagnation,3,0.000091
oppress,3,0.000091
slowest,3,0.000091
inadvisable,3,0.000091
swipe,3,0.000091
unworkable,3,0.000091
perilous,3,0.000091
phobic,3,0.000091
awkwardness,3,0.000091
obstructing,3,0.000091
senile,3,0.000091
clogged,3,0.000091
scarier,3,0.000091
incense,3,0.000091
diabolical,3,0.000091
deluge,3,0.000091
dubiously,3,0.000091
disorderly,3,0.000091
unsuspecting,3,0.000091
demonizing,3,0.000091
egregiously,3,0.000091
clouding,3,0.000091
despotism,3,0.000091
dinky,3,0.000091
dishonor,3,0.000091
goading,3,0.000091
discontinuity,3,0.000091
faithless,3,0.000091
diametrically,3,0.000091
subjection,3,0.000091
insidiously,3,0.000091
deadlock,3,0.000091
eyesore,3,0.000091
tormented,3,0.000091
haze,3,0.000091
alienation,3,0.000091
stodgy,3,0.000091
confounded,3,0.000091
flounder,3,0.000091
impair,3,0.000091
fickle,3,0.000091
odor,3,0.000091
insidious,3,0.000091
crummy,3,0.000091
peeved,3,0.000091
precipitate,3,0.000091
smugly,3,0.000091
incredulous,3,0.000091
ominous,3,0.000091
whips,3,0.000091
perfidious,3,0.000091
hardheaded,3,0.000091
belabor,3,0.000091
pariah,3,0.000091
resentful,3,0.000091
pandemonium,3,0.000091
bungling,3,0.000091
scarily,3,0.000091
depressions,3,0.000091
inefficiency,3,0.000091
itching,3,0.000091
passe,3,0.000091
meager,3,0.000091
stagnant,3,0.000091
disreputable,3,0.000091
womanizing,3,0.000091
estranged,3,0.000091
humming,3,0.000091
wiles,3,0.000091
burdensome,2,0.000061
uncompromising,2,0.000061
niggle,2,0.000061
nosey,2,0.000061
belittled,2,0.000061
vibrated,2,0.000061
languish,2,0.000061
discourteous,2,0.000061
congestion,2,0.000061
intransigence,2,0.000061
repudiate,2,0.000061
decrepit,2,0.000061
mishap,2,0.000061
beleaguer,2,0.000061
standstill,2,0.000061
betraying,2,0.000061
impetuous,2,0.000061
stereotypically,2,0.000061
lamentably,2,0.000061
disrespectfully,2,0.000061
sickeningly,2,0.000061
wickedness,2,0.000061
disillusion,2,0.000061
disfavor,2,0.000061
exagerated,2,0.000061
hubris,2,0.000061
ironical,2,0.000061
furor,2,0.000061
shortness,2,0.000061
avarice,2,0.000061
aghast,2,0.000061
insensitivity,2,0.000061
outrages,2,0.000061
unthinkable,2,0.000061
conspiratorial,2,0.000061
insurmountable,2,0.000061
drags,2,0.000061
menacingly,2,0.000061
busts,2,0.000061
cussed,2,0.000061
undercuts,2,0.000061
perfunctory,2,0.000061
abominable,2,0.000061
lagged,2,0.000061
torturous,2,0.000061
paralyzed,2,0.000061
mendacious,2,0.000061
flakey,2,0.000061
quitter,2,0.000061
disarray,2,0.000061
meddlesome,2,0.000061
wane,2,0.000061
livid,2,0.000061
extravagance,2,0.000061
cramped,2,0.000061
infuriated,2,0.000061
racy,2,0.000061
mushy,2,0.000061
precipitous,2,0.000061
somber,2,0.000061
madly,2,0.000061
unimaginable,2,0.000061
unhappiness,2,0.000061
licentious,2,0.000061
overstates,2,0.000061
impinge,2,0.000061
pitiable,2,0.000061
irk,2,0.000061
harden,2,0.000061
floundering,2,0.000061
diabolic,2,0.000061
procrastination,2,0.000061
haggard,2,0.000061
disinterest,2,0.000061
fractious,2,0.000061
lackey,2,0.000061
bemused,2,0.000061
horrendously,2,0.000061
detested,2,0.000061
gaffe,2,0.000061
gimmicks,2,0.000061
garish,2,0.000061
enmity,2,0.000061
woeful,2,0.000061
imbroglio,2,0.000061
meanness,2,0.000061
subpoena,2,0.000061
unilateralism,2,0.000061
virulence,2,0.000061
insupportable,2,0.000061
scorching,2,0.000061
unresponsive,2,0.000061
mortification,2,0.000061
trickery,2,0.000061
desolation,2,0.000061
repulsed,2,0.000061
mourn,2,0.000061
vibrate,2,0.000061
corrode,2,0.000061
stringently,2,0.000061
matte,2,0.000061
squeal,2,0.000061
penalize,2,0.000061
brusque,2,0.000061
lanky,2,0.000061
heartbreaking,2,0.000061
throb,2,0.000061
selfinterested,2,0.000061
depress,2,0.000061
taxing,2,0.000061
dreadfully,2,0.000061
disdainful,2,0.000061
prohibitive,2,0.000061
recklessly,2,0.000061
dissenter,2,0.000061
unravel,2,0.000061
disobedience,2,0.000061
enviously,2,0.000061
adulteration,2,0.000061
glare,2,0.000061
pout,2,0.000061
brash,2,0.000061
spurn,2,0.000061
deride,2,0.000061
hooligan,2,0.000061
bumpy,2,0.000061
darken,2,0.000061
zapped,2,0.000061
exhort,2,0.000061
incomparably,2,0.000061
drawback,2,0.000061
apprehension,2,0.000061
ineptly,2,0.000061
balk,2,0.000061
persecute,2,0.000061
dwindling,2,0.000061
frantic,2,0.000061
flake,2,0.000061
loathsome,2,0.000061
misstatement,2,0.000061
flare,2,0.000061
distressingly,2,0.000061
flabbergasted,2,0.000061
unfeeling,2,0.000061
unsustainable,2,0.000061
implacable,2,0.000061
chaff,2,0.000061
accursed,2,0.000061
unsettling,2,0.000061
agonizing,2,0.000061
malignant,2,0.000061
iniquity,2,0.000061
panicking,2,0.000061
unnaturally,2,0.000061
belie,2,0.000061
oversights,2,0.000061
endanger,2,0.000061
fanaticism,2,0.000061
shrill,2,0.000061
beset,2,0.000061
suffocate,2,0.000061
knotted,2,0.000061
scummy,2,0.000061
throbbing,2,0.000061
propagandize,2,0.000061
acerbic,2,0.000061
intractable,2,0.000061
floored,2,0.000061
tarnishes,2,0.000061
calamities,2,0.000061
stymied,2,0.000061
prohibitively,2,0.000061
musty,2,0.000061
irritant,2,0.000061
unsecure,2,0.000061
rut,2,0.000061
effrontery,2,0.000061
corrupts,2,0.000061
haphazard,2,0.000061
uproar,2,0.000061
rattles,2,0.000061
macabre,2,0.000061
aching,2,0.000061
freakish,2,0.000061
aggravation,2,0.000061
slump,2,0.000061
disintegrate,2,0.000061
womanizer,2,0.000061
mischievous,2,0.000061
frenetic,2,0.000061
impatiently,2,0.000061
prejudge,2,0.000061
eruptions,2,0.000061
conspirator,2,0.000061
flees,2,0.000061
beastly,2,0.000061
sneer,2,0.000061
lamentable,2,0.000061
wheedle,2,0.000061
wimpy,2,0.000061
aloof,2,0.000061
fatuous,2,0.000061
forgetful,2,0.000061
expunge,2,0.000061
moribund,2,0.000061
grieve,2,0.000061
quarrelsome,2,0.000061
worrisome,2,0.000061
partiality,2,0.000061
unyielding,2,0.000061
sluggish,2,0.000061
falter,2,0.000061
ambivalence,2,0.000061
hogs,2,0.000061
disappointingly,2,0.000061
deign,2,0.000061
crazily,2,0.000061
impious,2,0.000061
quash,2,0.000061
unobserved,2,0.000061
demonize,2,0.000061
desertion,2,0.000061
misbehavior,2,0.000061
pillage,2,0.000061
obnoxiously,2,0.000061
mispronounces,2,0.000061
killjoy,2,0.000061
lumpy,2,0.000061
deplete,2,0.000061
tangles,2,0.000061
petrified,2,0.000061
oddest,2,0.000061
disapointment,2,0.000061
laughingstock,2,0.000061
painfull,2,0.000061
unwillingly,2,0.000061
flout,2,0.000061
disown,2,0.000061
debilitating,2,0.000061
skeptically,2,0.000061
illogically,2,0.000061
revulsion,2,0.000061
leaky,2,0.000061
misdirection,2,0.000061
bemoan,2,0.000061
untruthful,2,0.000061
slogging,2,0.000061
ailing,2,0.000061
inanely,2,0.000061
debauchery,2,0.000061
implode,2,0.000061
mediocrity,2,0.000061
unsound,2,0.000061
polarisation,2,0.000061
drains,2,0.000061
fevers,2,0.000061
snarl,2,0.000061
mischievously,2,0.000061
combust,2,0.000061
inextricably,2,0.000061
dispensable,2,0.000061
treasonous,2,0.000061
monotony,2,0.000061
dislocated,2,0.000061
insincerity,2,0.000061
flaky,2,0.000061
panders,2,0.000061
unnerving,2,0.000061
impulsive,2,0.000061
villainous,2,0.000061
ghosting,2,0.000061
glib,2,0.000061
recklessness,2,0.000061
frustrates,2,0.000061
guile,2,0.000061
pessimism,2,0.000061
abort,2,0.000061
pokey,2,0.000061
dissention,2,0.000061
aspersion,2,0.000061
dazed,2,0.000061
dropout,2,0.000061
sneakily,2,0.000061
brimstone,2,0.000061
ravage,2,0.000061
grieving,2,0.000061
sufferer,2,0.000061
dirtbag,2,0.000061
indigent,2,0.000061
anxieties,2,0.000061
vex,2,0.000061
pittance,2,0.000061
inhumanity,2,0.000061
repress,2,0.000061
disasterous,2,0.000061
disapointing,2,0.000061
tarnished,2,0.000061
assult,2,0.000061
impudent,2,0.000061
traitorously,2,0.000061
bores,2,0.000061
fume,2,0.000061
pique,2,0.000061
shabby,2,0.000061
nauseating,2,0.000061
regretted,2,0.000061
dastardly,2,0.000061
nonresponsive,2,0.000061
delinquency,2,0.000061
inessential,2,0.000061
trivialize,2,0.000061
butchery,2,0.000061
tepid,2,0.000061
unsophisticated,2,0.000061
feebleminded,2,0.000061
plotters,2,0.000061
toughness,2,0.000061
lapsed,2,0.000061
inculcate,2,0.000061
audacious,2,0.000061
harpy,2,0.000061
deform,2,0.000061
disintegrates,1,0.000030
jealously,1,0.000030
traitorous,1,0.000030
oversimplify,1,0.000030
snappish,1,0.000030
braggart,1,0.000030
halfhearted,1,0.000030
maliciousness,1,0.000030
scratchy,1,0.000030
invidious,1,0.000030
dissatisfying,1,0.000030
sickly,1,0.000030
exasperating,1,0.000030
monstrosity,1,0.000030
decry,1,0.000030
contaminating,1,0.000030
misinform,1,0.000030
sagging,1,0.000030
unprofitable,1,0.000030
flighty,1,0.000030
mortified,1,0.000030
disingenuously,1,0.000030
encroach,1,0.000030
debasement,1,0.000030
virulently,1,0.000030
direly,1,0.000030
rebuff,1,0.000030
smudge,1,0.000030
dissidence,1,0.000030
lascivious,1,0.000030
zealously,1,0.000030
flareups,1,0.000030
underlings,1,0.000030
bashful,1,0.000030
dullard,1,0.000030
blundering,1,0.000030
languid,1,0.000030
catastrophically,1,0.000030
flirty,1,0.000030
insincerely,1,0.000030
solicitude,1,0.000030
inconsolably,1,0.000030
tattered,1,0.000030
devilish,1,0.000030
nervously,1,0.000030
inaudible,1,0.000030
mendacity,1,0.000030
ineffectual,1,0.000030
fumble,1,0.000030
smoldering,1,0.000030
contravene,1,0.000030
incoherently,1,0.000030
leakages,1,0.000030
sensationalize,1,0.000030
stuttered,1,0.000030
bruises,1,0.000030
malaise,1,0.000030
morbidly,1,0.000030
uneasily,1,0.000030
spinster,1,0.000030
calumniate,1,0.000030
autocrat,1,0.000030
perturbed,1,0.000030
declaim,1,0.000030
hissed,1,0.000030
scandalously,1,0.000030
transgression,1,0.000030
obtrusive,1,0.000030
flaking,1,0.000030
irresponsibly,1,0.000030
crumble,1,0.000030
galls,1,0.000030
disdainfully,1,0.000030
forfeit,1,0.000030
capsize,1,0.000030
loveless,1,0.000030
stinging,1,0.000030
seedy,1,0.000030
flairs,1,0.000030
asunder,1,0.000030
slothful,1,0.000030
imperfections,1,0.000030
litigious,1,0.000030
coerce,1,0.000030
prattle,1,0.000030
adulterate,1,0.000030
irredeemably,1,0.000030
cruelly,1,0.000030
scandel,1,0.000030
indiscernible,1,0.000030
unaccustomed,1,0.000030
delinquent,1,0.000030
perilously,1,0.000030
evildoer,1,0.000030
squeak,1,0.000030
acrid,1,0.000030
finagle,1,0.000030
hallucinate,1,0.000030
squeaks,1,0.000030
helplessly,1,0.000030
stagnate,1,0.000030
undercut,1,0.000030
freakishly,1,0.000030
hestitant,1,0.000030
obstructed,1,0.000030
finicky,1,0.000030
staid,1,0.000030
vagrant,1,0.000030
ingratitude,1,0.000030
dismaying,1,0.000030
lorn,1,0.000030
creaking,1,0.000030
crumbling,1,0.000030
mockingly,1,0.000030
jaundiced,1,0.000030
impoverish,1,0.000030
tawdry,1,0.000030
smokescreen,1,0.000030
cartoonish,1,0.000030
frenzied,1,0.000030
inconstant,1,0.000030
insensible,1,0.000030
overpower,1,0.000030
condemnable,1,0.000030
gibe,1,0.000030
spoonfed,1,0.000030
startling,1,0.000030
demoralizing,1,0.000030
licentiousness,1,0.000030
miscalculation,1,0.000030
discombobulate,1,0.000030
desolate,1,0.000030
wickedly,1,0.000030
starkly,1,0.000030
feint,1,0.000030
haggle,1,0.000030
neurotically,1,0.000030
scaly,1,0.000030
haywire,1,0.000030
discrepant,1,0.000030
inexorably,1,0.000030
unproved,1,0.000030
incompetently,1,0.000030
hothead,1,0.000030
unauthentic,1,0.000030
worryingly,1,0.000030
overpayed,1,0.000030
screech,1,0.000030
exhausts,1,0.000030
cataclysm,1,0.000030
frightful,1,0.000030
discordance,1,0.000030
impermissible,1,0.000030
graceless,1,0.000030
ruffian,1,0.000030
overpaid,1,0.000030
damnable,1,0.000030
miscreant,1,0.000030
tumbled,1,0.000030
diabolically,1,0.000030
indelicate,1,0.000030
congested,1,0.000030
disordered,1,0.000030
uproariously,1,0.000030
berserk,1,0.000030
inoperable,1,0.000030
oddities,1,0.000030
ungovernable,1,0.000030
insultingly,1,0.000030
uproot,1,0.000030
loner,1,0.000030
flares,1,0.000030
eviscerate,1,0.000030
inexorable,1,0.000030
disillusionment,1,0.000030
contortions,1,0.000030
disconcert,1,0.000030
frantically,1,0.000030
untimely,1,0.000030
absurdness,1,0.000030
dehumanization,1,0.000030
abysmally,1,0.000030
unreachable,1,0.000030
recalcitrant,1,0.000030
irregularity,1,0.000030
sobering,1,0.000030
inapt,1,0.000030
upseting,1,0.000030
antithetical,1,0.000030
betrayals,1,0.000030
blockhead,1,0.000030
whimper,1,0.000030
idiotically,1,0.000030
jolt,1,0.000030
famished,1,0.000030
baffle,1,0.000030
snag,1,0.000030
spookily,1,0.000030
infiltrators,1,0.000030
tumultuous,1,0.000030
exorbitant,1,0.000030
indignantly,1,0.000030
slumping,1,0.000030
senselessly,1,0.000030
awfulness,1,0.000030
indiscretion,1,0.000030
cramp,1,0.000030
numb,1,0.000030
misjudge,1,0.000030
shortsightedness,1,0.000030
rifts,1,0.000030
revengeful,1,0.000030
wreaked,1,0.000030
odder,1,0.000030
decrepitude,1,0.000030
imprecisely,1,0.000030
scoff,1,0.000030
misfit,1,0.000030
capriciously,1,0.000030
uninsured,1,0.000030
flirt,1,0.000030
wrangle,1,0.000030
indignant,1,0.000030
backbiting,1,0.000030
imprudence,1,0.000030
irredeemable,1,0.000030
unsteady,1,0.000030
hatefully,1,0.000030
addicting,1,0.000030
overwhelms,1,0.000030
incautious,1,0.000030
irreparable,1,0.000030
calumny,1,0.000030
desiccated,1,0.000030
disobedient,1,0.000030
lewdness,1,0.000030
inexcusable,1,0.000030
overpriced,1,0.000030
judder,1,0.000030
wretch,1,0.000030
paupers,1,0.000030
improbability,1,0.000030
smudging,1,0.000030
dilapidated,1,0.000030
anemic,1,0.000030
inattentive,1,0.000030
inglorious,1,0.000030
warlike,1,0.000030
uncomfortably,1,0.000030
sardonically,1,0.000030
tumble,1,0.000030
desecrate,1,0.000030
denunciations,1,0.000030
gloomy,1,0.000030
castigate,1,0.000030
villian,1,0.000030
pry,1,0.000030
engulf,1,0.000030
dissonant,1,0.000030
doddering,1,0.000030
pugnacious,1,0.000030
hypocricy,1,0.000030
incomprehension,1,0.000030
mispronounce,1,0.000030
demonized,1,0.000030
feckless,1,0.000030
overheat,1,0.000030
maddeningly,1,0.000030
laggy,1,0.000030
delirious,1,0.000030
lambast,1,0.000030
disappointments,1,0.000030
harbors,1,0.000030
sags,1,0.000030
shamelessness,1,0.000030
pauper,1,0.000030
giddy,1,0.000030
injure,1,0.000030
incitement,1,0.000030
snagged,1,0.000030
unipolar,1,0.000030
foolhardy,1,0.000030
discordant,1,0.000030
dirtbags,1,0.000030
peculiarly,1,0.000030
deceiver,1,0.000030
preposterously,1,0.000030
delirium,1,0.000030
blindingly,1,0.000030
blistering,1,0.000030
downhearted,1,0.000030
affliction,1,0.000030
unachievable,1,0.000030
oppressively,1,0.000030
exorbitantly,1,0.000030
rancor,1,0.000030
jitters,1,0.000030
maniacal,1,0.000030
gruesomely,1,0.000030
incompatability,1,0.000030
subvert,1,0.000030
belligerence,1,0.000030
dismally,1,0.000030
degeneration,1,0.000030
impolitic,1,0.000030
dissappointed,1,0.000030
detracted,1,0.000030
jeers,1,0.000030
unforgiving,1,0.000030
disloyal,1,0.000030
imprudent,1,0.000030
swelled,1,0.000030
nervousness,1,0.000030
melancholy,1,0.000030
extort,1,0.000030
aweful,1,0.000030
erratically,1,0.000030
vexing,1,0.000030
earsplitting,1,0.000030
emaciated,1,0.000030
lechery,1,0.000030
cringed,1,0.000030
wince,1,0.000030
shirk,1,0.000030
remorseless,1,0.000030
bungle,1,0.000030
radicalization,1,0.000030
disintegration,1,0.000030
afflict,1,0.000030
daunt,1,0.000030
ineffectiveness,1,0.000030
ruinous,1,0.000030
fruitlessly,1,0.000030
infest,1,0.000030
perplex,1,0.000030
inequitable,1,0.000030
repugnantly,1,0.000030
drab,1,0.000030
tortuous,1,0.000030
tenderness,1,0.000030
relentlessness,1,0.000030
grapple,1,0.000030
wrinkled,1,0.000030
polluters,1,0.000030
sulk,1,0.000030
lecher,1,0.000030
botch,1,0.000030
cheaply,1,0.000030
frigid,1,0.000030
prideful,1,0.000030
forlorn,1,0.000030
dodgey,1,0.000030
maladjusted,1,0.000030
tingling,1,0.000030
egomania,1,0.000030
junkyard,1,0.000030
fleer,1,0.000030
dripped,1,0.000030
idiocies,1,0.000030
browbeat,1,0.000030
disquieting,1,0.000030
savaged,1,0.000030
blab,1,0.000030
aggressor,1,0.000030
bothersome,1,0.000030
quibbles,1,0.000030
flareup,1,0.000030
commotion,1,0.000030
pricey,1,0.000030
displease,1,0.000030
troublingly,1,0.000030
faze,1,0.000030
stampede,1,0.000030
travesties,1,0.000030
touts,1,0.000030
undersized,1,0.000030
savagery,1,0.000030
intoxicate,1,0.000030
unprove,1,0.000030
impediment,1,0.000030
besmirch,1,0.000030
grisly,1,0.000030
droop,1,0.000030
plaything,1,0.000030
scolding,1,0.000030
admonishment,1,0.000030
erodes,1,0.000030
rascals,1,0.000030
inhospitable,1,0.000030
unavoidably,1,0.000030
mortify,1,0.000030
grating,1,0.000030
fastidious,1,0.000030
instigators,1,0.000030
heartbreaker,1,0.000030
miseries,1,0.000030
soapy,1,0.000030
monstrosities,1,0.000030
contrive,1,0.000030
wobble,1,0.000030
improbably,1,0.000030
loneliness,1,0.000030
ominously,1,0.000030
deadweight,1,0.000030
besiege,1,0.000030
rumbling,1,0.000030
boisterous,1,0.000030
discomfit,1,0.000030
disparagingly,1,0.000030
wrest,1,0.000030
hysterics,1,0.000030
crumpled,1,0.000030
impertinent,1,0.000030
clamor,1,0.000030
rankle,1,0.000030
barbarity,1,0.000030
bravado,1,0.000030
imprison,1,0.000030
indecision,1,0.000030
intransigent,1,0.000030
scrambles,1,0.000030
ache,1,0.000030
halfheartedly,1,0.000030
stunted,1,0.000030
unfulfilled,1,0.000030
laconic,1,0.000030
mortifying,1,0.000030
scariest,1,0.000030
slanderer,1,0.000030
hellion,1,0.000030
disunity,1,0.000030
premeditated,1,0.000030
disintegrated,1,0.000030
unease,1,0.000030
rile,1,0.000030
shriek,1,0.000030
disquiet,1,0.000030
topple,1,0.000030
destabilisation,1,0.000030
traduce,1,0.000030
scuff,1,0.000030
misaligned,1,0.000030
fearfully,1,0.000030
grouch,1,0.000030
dimmer,1,0.000030
smouldering,1,0.000030
extravagantly,1,0.000030
restlessness,1,0.000030
blaspheme,1,0.000030
unusably,1,0.000030
daze,1,0.000030
geezer,1,0.000030
malevolent,1,0.000030
deploring,1,0.000030
dragoon,1,0.000030
gawk,1,0.000030
disturbingly,1,0.000030
infuriate,1,0.000030
disorient,1,0.000030
monstrously,1,0.000030
feverish,1,0.000030
doggedly,1,0.000030
enrage,1,0.000030
frustrate,1,0.000030
catastrophies,1,0.000030
steeply,1,0.000030
sass,1,0.000030
unwell,1,0.000030
coldly,1,0.000030
wallow,1,0.000030
mordant,1,0.000030
indiscreet,1,0.000030
knave,1,0.000030
impure,1,0.000030
roadblocks,1,0.000030
lukewarm,1,0.000030
